raw_path,capture_directory,board,physical_board_id,role,selected_campaigns,analysis_status,failure_type,bytes,frames,sha256,recorded_sha256,recorded_hash_matches
captures/esp32/20260910T100011.604848Z_esp32_001/transport.partial.raw4,captures/esp32/20260910T100011.604848Z_esp32_001,esp32,,incomplete_transport,,,,56623104,14155776,c0f6921fac61f5723eea6876e6af029e696783d78bdda2fb605b50d97288b0f1,,
captures/esp32/20260910T100903.144858Z_esp32_001/transport.partial.raw4,captures/esp32/20260910T100903.144858Z_esp32_001,esp32,ESP32-D0WD-V3-01,incomplete_transport,,,AcquisitionError,12167168,3041792,1baf1d793d85ca51bcc4ba10691c446176b08c5f9892ca274b33f1ff83ad0e15,,
captures/esp32/20260910T101529.618203Z_esp32_001/transport.partial.raw4,captures/esp32/20260910T101529.618203Z_esp32_001,esp32,ESP32-D0WD-V3-01,incomplete_transport,,,AcquisitionError,12158976,3039744,673d5370c77d4e4701e3cdffda9db181fe84b4ce2cd2e23ef12800e143f96bff,,
captures/esp32/20260910T102537.525503Z_esp32_001/transport.partial.raw4,captures/esp32/20260910T102537.525503Z_esp32_001,esp32,ESP32-D0WD-V3-01,incomplete_transport,,,AcquisitionError,12156928,3039232,f40687a906337ba2156eeaf22aa488e5f7deedcbeebd8ad6920981be7684f77f,,
captures/esp32/20260910T102831.376255Z_esp32_001/transport.partial.raw4,captures/esp32/20260910T102831.376255Z_esp32_001,esp32,ESP32-D0WD-V3-01,incomplete_transport,,,AcquisitionError,24166400,6041600,27d856e8adffab56942823f534254dc209a4fa06744d73d216cbd34a665fc64f,,
captures/esp32/20260910T103938.066581Z_esp32_001/transport.raw4,captures/esp32/20260910T103938.066581Z_esp32_001,esp32,ESP32-D0WD-V3-01,pilot,,structural_protocol_pass,,15439872,3859968,67f102a26a39bf43c3dec3cb7a5b2d2fd15c08cd06702eb258b0c6cdf06a0bc0,67f102a26a39bf43c3dec3cb7a5b2d2fd15c08cd06702eb258b0c6cdf06a0bc0,true
captures/esp32/20260910T104152.807185Z_esp32_001/transport.raw4,captures/esp32/20260910T104152.807185Z_esp32_001,esp32,ESP32-D0WD-V3-01,pilot,,structural_protocol_pass,,15448064,3862016,54a85f91724d1b173841d88a55ebedeefe23a216bc60471678eccc92301bf339,54a85f91724d1b173841d88a55ebedeefe23a216bc60471678eccc92301bf339,true
captures/esp32/20260910T104328.523648Z_esp32_001/transport.raw4,captures/esp32/20260910T104328.523648Z_esp32_001,esp32,ESP32-D0WD-V3-01,selected_final,2026-09-10_ppk2_energy_profiling_v3,structural_protocol_pass,,15443968,3860992,e08f59dd2071578539327ee233fafa3482ffb1db1f517da5f89375486c7e1d6e,e08f59dd2071578539327ee233fafa3482ffb1db1f517da5f89375486c7e1d6e,true
captures/esp32/20260910T104449.420281Z_esp32_002/transport.raw4,captures/esp32/20260910T104449.420281Z_esp32_002,esp32,ESP32-D0WD-V3-01,selected_final,2026-09-10_ppk2_energy_profiling_v3,structural_protocol_pass,,15380480,3845120,aeb16a8981a041362eaa4de4cb21ccf578a03bc8399f911a7a9713c0ac423548,aeb16a8981a041362eaa4de4cb21ccf578a03bc8399f911a7a9713c0ac423548,true
captures/esp32/20260910T104608.520605Z_esp32_003/transport.raw4,captures/esp32/20260910T104608.520605Z_esp32_003,esp32,ESP32-D0WD-V3-01,selected_final,2026-09-10_ppk2_energy_profiling_v3,structural_protocol_pass,,15380480,3845120,1fde2f74ee37c3f60b8a6b1ed882d0cdf42da98ca4ab34d72db2dc1561f0f752,1fde2f74ee37c3f60b8a6b1ed882d0cdf42da98ca4ab34d72db2dc1561f0f752,true
captures/esp32/20260910T104728.669510Z_esp32_004/transport.raw4,captures/esp32/20260910T104728.669510Z_esp32_004,esp32,ESP32-D0WD-V3-01,selected_final,2026-09-10_ppk2_energy_profiling_v3,structural_protocol_pass,,15378432,3844608,d05e9662be5c542752a38398623db6ec171ae783dddac931f54ab618b1ab446f,d05e9662be5c542752a38398623db6ec171ae783dddac931f54ab618b1ab446f,true
captures/esp32/20260910T104849.541889Z_esp32_005/transport.raw4,captures/esp32/20260910T104849.541889Z_esp32_005,esp32,ESP32-D0WD-V3-01,selected_final,2026-09-10_ppk2_energy_profiling_v3,structural_protocol_pass,,15378432,3844608,8339fc2469511773f886befc99f924d88d8d1fc2141872783942e173e0aa2897,8339fc2469511773f886befc99f924d88d8d1fc2141872783942e173e0aa2897,true
captures/esp32/20260910T105005.999135Z_esp32_006/transport.raw4,captures/esp32/20260910T105005.999135Z_esp32_006,esp32,ESP32-D0WD-V3-01,selected_final,2026-09-10_ppk2_energy_profiling_v3,structural_protocol_pass,,15378432,3844608,6d425b3cac7a14c5f8af92eb4dbcbf1629fcb81621d29368a518e32171a1e8da,6d425b3cac7a14c5f8af92eb4dbcbf1629fcb81621d29368a518e32171a1e8da,true
captures/esp32/20260910T105128.691454Z_esp32_007/transport.raw4,captures/esp32/20260910T105128.691454Z_esp32_007,esp32,ESP32-D0WD-V3-01,selected_final,2026-09-10_ppk2_energy_profiling_v3,structural_protocol_pass,,15380480,3845120,0955b7cfd21625f7a8d51494c7b513312a78c47d82dee48f592da85a68948ffb,0955b7cfd21625f7a8d51494c7b513312a78c47d82dee48f592da85a68948ffb,true
captures/esp32/20260910T105251.083294Z_esp32_008/transport.raw4,captures/esp32/20260910T105251.083294Z_esp32_008,esp32,ESP32-D0WD-V3-01,selected_final,2026-09-10_ppk2_energy_profiling_v3,structural_protocol_pass,,15378432,3844608,261ce2147b42d84b1b71a9c1db1ec34e49316fcc240bc2ee6e288213cfe799be,261ce2147b42d84b1b71a9c1db1ec34e49316fcc240bc2ee6e288213cfe799be,true
captures/esp32/20260910T105414.047060Z_esp32_009/transport.raw4,captures/esp32/20260910T105414.047060Z_esp32_009,esp32,ESP32-D0WD-V3-01,selected_final,2026-09-10_ppk2_energy_profiling_v3,structural_protocol_pass,,15378432,3844608,2b06b185e0c62cebcb07ab07ed2df85d616dab8d3b066b4f87374775884c980c,2b06b185e0c62cebcb07ab07ed2df85d616dab8d3b066b4f87374775884c980c,true
captures/esp32/20260910T105536.157071Z_esp32_010/transport.raw4,captures/esp32/20260910T105536.157071Z_esp32_010,esp32,ESP32-D0WD-V3-01,selected_final,2026-09-10_ppk2_energy_profiling_v3,structural_protocol_pass,,15380480,3845120,2f79c68ade6d6a13516f73ba113d27f6704c16c56358b28cd301e3b4870a9f96,2f79c68ade6d6a13516f73ba113d27f6704c16c56358b28cd301e3b4870a9f96,true
captures/rp2040/20260910T110107.367979Z_rp2040_001/transport.raw4,captures/rp2040/20260910T110107.367979Z_rp2040_001,rp2040,RPI-PICO-RP2040-01,pilot,,structural_protocol_pass,,30035968,7508992,b12372cc58022578b6368ec2babb2f1726f476a12590499a3211846e19b7fff4,b12372cc58022578b6368ec2babb2f1726f476a12590499a3211846e19b7fff4,true
captures/rp2040/20260910T110338.807055Z_rp2040_001/transport.raw4,captures/rp2040/20260910T110338.807055Z_rp2040_001,rp2040,RPI-PICO-RP2040-01,selected_final,2026-09-10_ppk2_energy_profiling_v3;2026-09-10_ppk2_energy_profiling_v3_esp32_noreg,structural_protocol_pass,,30027776,7506944,03f05606bcbd86cf44996b018b9274e1c061f8b2b3029a30f7fa3e19cba78302,03f05606bcbd86cf44996b018b9274e1c061f8b2b3029a30f7fa3e19cba78302,true
captures/rp2040/20260910T110559.986606Z_rp2040_002/transport.raw4,captures/rp2040/20260910T110559.986606Z_rp2040_002,rp2040,RPI-PICO-RP2040-01,selected_final,2026-09-10_ppk2_energy_profiling_v3;2026-09-10_ppk2_energy_profiling_v3_esp32_noreg,structural_protocol_pass,,29970432,7492608,45529e10ea6f3ae4c702592daff45d6080f8ad4e025196da1fe2eb66b665fbdd,45529e10ea6f3ae4c702592daff45d6080f8ad4e025196da1fe2eb66b665fbdd,true
captures/rp2040/20260910T110831.606849Z_rp2040_003/transport.raw4,captures/rp2040/20260910T110831.606849Z_rp2040_003,rp2040,RPI-PICO-RP2040-01,selected_final,2026-09-10_ppk2_energy_profiling_v3;2026-09-10_ppk2_energy_profiling_v3_esp32_noreg,structural_protocol_pass,,29970432,7492608,d1900c04cc6054ffe5dba690115094384bc55f01f2a4660ff54674d0e6dc103a,d1900c04cc6054ffe5dba690115094384bc55f01f2a4660ff54674d0e6dc103a,true
captures/rp2040/20260910T111100.926278Z_rp2040_004/transport.raw4,captures/rp2040/20260910T111100.926278Z_rp2040_004,rp2040,RPI-PICO-RP2040-01,selected_final,2026-09-10_ppk2_energy_profiling_v3;2026-09-10_ppk2_energy_profiling_v3_esp32_noreg,structural_protocol_pass,,29972480,7493120,3299ba090890c65ef842cb8d8534cc0876311b6672ddc39a8e7eb16331d1a0d7,3299ba090890c65ef842cb8d8534cc0876311b6672ddc39a8e7eb16331d1a0d7,true
captures/rp2040/20260910T111329.207480Z_rp2040_005/transport.raw4,captures/rp2040/20260910T111329.207480Z_rp2040_005,rp2040,RPI-PICO-RP2040-01,selected_final,2026-09-10_ppk2_energy_profiling_v3;2026-09-10_ppk2_energy_profiling_v3_esp32_noreg,structural_protocol_pass,,29968384,7492096,bcc728948cd2364ba7ae2d8c6ac1479c77d5672f200ea605cdbaab07ee8e0765,bcc728948cd2364ba7ae2d8c6ac1479c77d5672f200ea605cdbaab07ee8e0765,true
captures/rp2040/20260910T111555.764689Z_rp2040_006/transport.raw4,captures/rp2040/20260910T111555.764689Z_rp2040_006,rp2040,RPI-PICO-RP2040-01,selected_final,2026-09-10_ppk2_energy_profiling_v3;2026-09-10_ppk2_energy_profiling_v3_esp32_noreg,structural_protocol_pass,,29970432,7492608,bc7b4f4d33b8afa64d477735841fe37a078754b173eeac26e2e53dd7f0602785,bc7b4f4d33b8afa64d477735841fe37a078754b173eeac26e2e53dd7f0602785,true
captures/rp2040/20260910T111823.107058Z_rp2040_007/transport.raw4,captures/rp2040/20260910T111823.107058Z_rp2040_007,rp2040,RPI-PICO-RP2040-01,selected_final,2026-09-10_ppk2_energy_profiling_v3;2026-09-10_ppk2_energy_profiling_v3_esp32_noreg,structural_protocol_pass,,29972480,7493120,378edb912d4072d77996ccce2657668ad2649ff1be9125ee1036b018eb8987ec,378edb912d4072d77996ccce2657668ad2649ff1be9125ee1036b018eb8987ec,true
captures/rp2040/20260910T112049.352712Z_rp2040_008/transport.raw4,captures/rp2040/20260910T112049.352712Z_rp2040_008,rp2040,RPI-PICO-RP2040-01,selected_final,2026-09-10_ppk2_energy_profiling_v3;2026-09-10_ppk2_energy_profiling_v3_esp32_noreg,structural_protocol_pass,,29970432,7492608,112d18ace377c9e73718f9d4aa7105e9fc2b59de9fb7f3e4a1acf9b814f566e5,112d18ace377c9e73718f9d4aa7105e9fc2b59de9fb7f3e4a1acf9b814f566e5,true
captures/rp2040/20260910T112316.626879Z_rp2040_009/transport.raw4,captures/rp2040/20260910T112316.626879Z_rp2040_009,rp2040,RPI-PICO-RP2040-01,selected_final,2026-09-10_ppk2_energy_profiling_v3;2026-09-10_ppk2_energy_profiling_v3_esp32_noreg,structural_protocol_pass,,29972480,7493120,baa08ecebbfda3378ab28ee471b90d9cbae0d4f86ebfec180f79e301a87854c7,baa08ecebbfda3378ab28ee471b90d9cbae0d4f86ebfec180f79e301a87854c7,true
captures/rp2040/20260910T112543.185929Z_rp2040_010/transport.raw4,captures/rp2040/20260910T112543.185929Z_rp2040_010,rp2040,RPI-PICO-RP2040-01,selected_final,2026-09-10_ppk2_energy_profiling_v3;2026-09-10_ppk2_energy_profiling_v3_esp32_noreg,structural_protocol_pass,,29970432,7492608,e6d6206c9dccba33aced754594578884d704cf6890f53827c7f66e0a165a8281,e6d6206c9dccba33aced754594578884d704cf6890f53827c7f66e0a165a8281,true
captures/stm32/20260910T114226.110928Z_stm32_001/transport.partial.raw4,captures/stm32/20260910T114226.110928Z_stm32_001,stm32,NUCLEO-F446RE-01,incomplete_transport,,,AcquisitionError,12161024,3040256,a5ae515a93dd6f71d5b9494a8de17a57ba6a9c9b6d67cdf960ed973d0d325b63,,
captures/stm32/20260910T114711.826517Z_stm32_001/transport.partial.raw4,captures/stm32/20260910T114711.826517Z_stm32_001,stm32,NUCLEO-F446RE-01,incomplete_transport,,,AcquisitionError,12158976,3039744,38ecfca48172db5b305a926af3c4efd8f3355a03aaf263184197f65a3f53b61c,,
captures/stm32/20260910T114827.720111Z_stm32_001/transport.partial.raw4,captures/stm32/20260910T114827.720111Z_stm32_001,stm32,NUCLEO-F446RE-01,incomplete_transport,,,AcquisitionError,24156160,6039040,6d42768f234e45b0a0c670ee911538f2db68c398340dc09d435483532e59c57a,,
captures/stm32/20260910T115226.365361Z_stm32_001/transport.raw4,captures/stm32/20260910T115226.365361Z_stm32_001,stm32,NUCLEO-F446RE-01,rejected_complete,,structural_protocol_pass,AcquisitionError,20772864,5193216,5c54cbb7d7f248587e017890a9b051a8bddd29197238ed2c7a70627350188b3c,5c54cbb7d7f248587e017890a9b051a8bddd29197238ed2c7a70627350188b3c,true
captures/stm32/20260910T115912.942104Z_stm32_001/transport.raw4,captures/stm32/20260910T115912.942104Z_stm32_001,stm32,NUCLEO-F446RE-01,selected_final,2026-09-10_ppk2_energy_profiling_v3;2026-09-10_ppk2_energy_profiling_v3_esp32_noreg;2026-09-10_ppk2_energy_profiling_v3_regulators_removed,structural_protocol_pass,,20770816,5192704,ac780fca048240567a39e7ab920ef69622488e239bbc8c36e4e59ba47befe99e,ac780fca048240567a39e7ab920ef69622488e239bbc8c36e4e59ba47befe99e,true
captures/stm32/20260910T120054.572322Z_stm32_002/transport.raw4,captures/stm32/20260910T120054.572322Z_stm32_002,stm32,NUCLEO-F446RE-01,selected_final,2026-09-10_ppk2_energy_profiling_v3;2026-09-10_ppk2_energy_profiling_v3_esp32_noreg;2026-09-10_ppk2_energy_profiling_v3_regulators_removed,structural_protocol_pass,,20719616,5179904,ec01e831b87ae5b9754b53e82926a0214c89d0981587c49cae44f55ab709c5db,ec01e831b87ae5b9754b53e82926a0214c89d0981587c49cae44f55ab709c5db,true
captures/stm32/20260910T120239.878921Z_stm32_003/transport.raw4,captures/stm32/20260910T120239.878921Z_stm32_003,stm32,NUCLEO-F446RE-01,selected_final,2026-09-10_ppk2_energy_profiling_v3;2026-09-10_ppk2_energy_profiling_v3_esp32_noreg;2026-09-10_ppk2_energy_profiling_v3_regulators_removed,structural_protocol_pass,,20713472,5178368,a5d41d7a306d5e02b1eef78ed2bde070153d1ba08594c802b2a58d6a6a9a5780,a5d41d7a306d5e02b1eef78ed2bde070153d1ba08594c802b2a58d6a6a9a5780,true
captures/stm32/20260910T120423.976352Z_stm32_004/transport.raw4,captures/stm32/20260910T120423.976352Z_stm32_004,stm32,NUCLEO-F446RE-01,selected_final,2026-09-10_ppk2_energy_profiling_v3;2026-09-10_ppk2_energy_profiling_v3_esp32_noreg;2026-09-10_ppk2_energy_profiling_v3_regulators_removed,structural_protocol_pass,,20711424,5177856,4405de0fb925d2f94ac4de45b5a95b3f0a11b2f8c23f20f28ef73f37027165f0,4405de0fb925d2f94ac4de45b5a95b3f0a11b2f8c23f20f28ef73f37027165f0,true
captures/stm32/20260910T120607.538986Z_stm32_005/transport.raw4,captures/stm32/20260910T120607.538986Z_stm32_005,stm32,NUCLEO-F446RE-01,selected_final,2026-09-10_ppk2_energy_profiling_v3;2026-09-10_ppk2_energy_profiling_v3_esp32_noreg;2026-09-10_ppk2_energy_profiling_v3_regulators_removed,structural_protocol_pass,,20707328,5176832,79be4cf746ad2c598b6eaca59eeb6aefb02403d83f243b285f5da9845a95429e,79be4cf746ad2c598b6eaca59eeb6aefb02403d83f243b285f5da9845a95429e,true
captures/stm32/20260910T120752.926254Z_stm32_006/transport.raw4,captures/stm32/20260910T120752.926254Z_stm32_006,stm32,NUCLEO-F446RE-01,selected_final,2026-09-10_ppk2_energy_profiling_v3;2026-09-10_ppk2_energy_profiling_v3_esp32_noreg;2026-09-10_ppk2_energy_profiling_v3_regulators_removed,structural_protocol_pass,,20713472,5178368,6111157106aa4f3659015027bce75fda2b115c11a95c47f2d16acae129e2d060,6111157106aa4f3659015027bce75fda2b115c11a95c47f2d16acae129e2d060,true
captures/stm32/20260910T120938.660983Z_stm32_007/transport.raw4,captures/stm32/20260910T120938.660983Z_stm32_007,stm32,NUCLEO-F446RE-01,selected_final,2026-09-10_ppk2_energy_profiling_v3;2026-09-10_ppk2_energy_profiling_v3_esp32_noreg;2026-09-10_ppk2_energy_profiling_v3_regulators_removed,structural_protocol_pass,,20717568,5179392,ee41f40a08db31560dc1e0990987f6e359274d73998caf05e538db4ee5f2dac2,ee41f40a08db31560dc1e0990987f6e359274d73998caf05e538db4ee5f2dac2,true
captures/stm32/20260910T121124.479390Z_stm32_008/transport.raw4,captures/stm32/20260910T121124.479390Z_stm32_008,stm32,NUCLEO-F446RE-01,selected_final,2026-09-10_ppk2_energy_profiling_v3;2026-09-10_ppk2_energy_profiling_v3_esp32_noreg;2026-09-10_ppk2_energy_profiling_v3_regulators_removed,structural_protocol_pass,,20705280,5176320,67a560041382c2c6948f09d8ea14eb0cbdd285a38f3b1ff7ae57623ecbca8531,67a560041382c2c6948f09d8ea14eb0cbdd285a38f3b1ff7ae57623ecbca8531,true
captures/stm32/20260910T121309.937316Z_stm32_009/transport.raw4,captures/stm32/20260910T121309.937316Z_stm32_009,stm32,NUCLEO-F446RE-01,selected_final,2026-09-10_ppk2_energy_profiling_v3;2026-09-10_ppk2_energy_profiling_v3_esp32_noreg;2026-09-10_ppk2_energy_profiling_v3_regulators_removed,structural_protocol_pass,,20711424,5177856,c92771b56263ed4108e64a87257032ab0a92d2d6181f5209c4dd19e1526c3499,c92771b56263ed4108e64a87257032ab0a92d2d6181f5209c4dd19e1526c3499,true
captures/stm32/20260910T121455.333430Z_stm32_010/transport.raw4,captures/stm32/20260910T121455.333430Z_stm32_010,stm32,NUCLEO-F446RE-01,selected_final,2026-09-10_ppk2_energy_profiling_v3;2026-09-10_ppk2_energy_profiling_v3_esp32_noreg;2026-09-10_ppk2_energy_profiling_v3_regulators_removed,structural_protocol_pass,,20721664,5180416,7c74a15fd5a78eb43e9e3a03f3e983237b28b2fc0a3f58ce53039c51fce6f729,7c74a15fd5a78eb43e9e3a03f3e983237b28b2fc0a3f58ce53039c51fce6f729,true
captures_noreg/esp32/20260910T122823.710300Z_esp32_001/transport.raw4,captures_noreg/esp32/20260910T122823.710300Z_esp32_001,esp32,ESP32-D0WD-V3-01-NOREG,pilot,,structural_protocol_pass,,15433728,3858432,404f5f5cd605060b5fe06a87a0fe96093dce4fdfe012da219f6b3ce8a885c29a,404f5f5cd605060b5fe06a87a0fe96093dce4fdfe012da219f6b3ce8a885c29a,true
captures_noreg/esp32/20260910T123000.452016Z_esp32_001/transport.raw4,captures_noreg/esp32/20260910T123000.452016Z_esp32_001,esp32,ESP32-D0WD-V3-01-NOREG,selected_final,2026-09-10_ppk2_energy_profiling_v3_esp32_noreg;2026-09-10_ppk2_energy_profiling_v3_regulators_removed,structural_protocol_pass,,15431680,3857920,7989777af50596f1fa56bfe1e1a80b6f4c059624fe31f6ca0adda78d3b3b7477,7989777af50596f1fa56bfe1e1a80b6f4c059624fe31f6ca0adda78d3b3b7477,true
captures_noreg/esp32/20260910T123122.837343Z_esp32_002/transport.raw4,captures_noreg/esp32/20260910T123122.837343Z_esp32_002,esp32,ESP32-D0WD-V3-01-NOREG,selected_final,2026-09-10_ppk2_energy_profiling_v3_esp32_noreg;2026-09-10_ppk2_energy_profiling_v3_regulators_removed,structural_protocol_pass,,15380480,3845120,ca27691a8f2981ee9ce6c1cbc46e0bff7ce68a254655c567d8d0cced8241d475,ca27691a8f2981ee9ce6c1cbc46e0bff7ce68a254655c567d8d0cced8241d475,true
captures_noreg/esp32/20260910T123245.258284Z_esp32_003/transport.raw4,captures_noreg/esp32/20260910T123245.258284Z_esp32_003,esp32,ESP32-D0WD-V3-01-NOREG,selected_final,2026-09-10_ppk2_energy_profiling_v3_esp32_noreg;2026-09-10_ppk2_energy_profiling_v3_regulators_removed,structural_protocol_pass,,15380480,3845120,f20e78766c2a358cb1c87f3a8e63916f0e8c38845ecd8acd537b73feb6954350,f20e78766c2a358cb1c87f3a8e63916f0e8c38845ecd8acd537b73feb6954350,true
captures_noreg/esp32/20260910T123403.832085Z_esp32_004/transport.raw4,captures_noreg/esp32/20260910T123403.832085Z_esp32_004,esp32,ESP32-D0WD-V3-01-NOREG,selected_final,2026-09-10_ppk2_energy_profiling_v3_esp32_noreg;2026-09-10_ppk2_energy_profiling_v3_regulators_removed,structural_protocol_pass,,15378432,3844608,eba37d6875a78824f719d5d25d6fffe18dbc924672c9af01f77486783706c98f,eba37d6875a78824f719d5d25d6fffe18dbc924672c9af01f77486783706c98f,true
captures_noreg/esp32/20260910T123524.318691Z_esp32_005/transport.raw4,captures_noreg/esp32/20260910T123524.318691Z_esp32_005,esp32,ESP32-D0WD-V3-01-NOREG,selected_final,2026-09-10_ppk2_energy_profiling_v3_esp32_noreg;2026-09-10_ppk2_energy_profiling_v3_regulators_removed,structural_protocol_pass,,15380480,3845120,f549ef23b12f6b417f08b2b2e33c7fc9e09f42419cbf8a4c446ec8f7f0ce11c1,f549ef23b12f6b417f08b2b2e33c7fc9e09f42419cbf8a4c446ec8f7f0ce11c1,true
captures_noreg/esp32/20260910T123640.511140Z_esp32_006/transport.raw4,captures_noreg/esp32/20260910T123640.511140Z_esp32_006,esp32,ESP32-D0WD-V3-01-NOREG,selected_final,2026-09-10_ppk2_energy_profiling_v3_esp32_noreg;2026-09-10_ppk2_energy_profiling_v3_regulators_removed,structural_protocol_pass,,15378432,3844608,268ed794ab3cdabe5b4bdfe29570340a2887de70b97302efe50610c51d295770,268ed794ab3cdabe5b4bdfe29570340a2887de70b97302efe50610c51d295770,true
captures_noreg/esp32/20260910T123757.633087Z_esp32_007/transport.raw4,captures_noreg/esp32/20260910T123757.633087Z_esp32_007,esp32,ESP32-D0WD-V3-01-NOREG,selected_final,2026-09-10_ppk2_energy_profiling_v3_esp32_noreg;2026-09-10_ppk2_energy_profiling_v3_regulators_removed,structural_protocol_pass,,15380480,3845120,465ce647d6d0a8c8468792723aaa00141c6f45c14ea894c4d30223d953f4def5,465ce647d6d0a8c8468792723aaa00141c6f45c14ea894c4d30223d953f4def5,true
captures_noreg/esp32/20260910T123913.826997Z_esp32_008/transport.raw4,captures_noreg/esp32/20260910T123913.826997Z_esp32_008,esp32,ESP32-D0WD-V3-01-NOREG,selected_final,2026-09-10_ppk2_energy_profiling_v3_esp32_noreg;2026-09-10_ppk2_energy_profiling_v3_regulators_removed,structural_protocol_pass,,15380480,3845120,ea40721197c22868d9dfe3427237bf3b1bcad8df4bf137c1fe0e94f4ac90dac0,ea40721197c22868d9dfe3427237bf3b1bcad8df4bf137c1fe0e94f4ac90dac0,true
captures_noreg/esp32/20260910T124030.428881Z_esp32_009/transport.raw4,captures_noreg/esp32/20260910T124030.428881Z_esp32_009,esp32,ESP32-D0WD-V3-01-NOREG,selected_final,2026-09-10_ppk2_energy_profiling_v3_esp32_noreg;2026-09-10_ppk2_energy_profiling_v3_regulators_removed,structural_protocol_pass,,15378432,3844608,2ef6cb16f4cdad1223711e9390d5a04ace16110a882756870ca181e0477820c1,2ef6cb16f4cdad1223711e9390d5a04ace16110a882756870ca181e0477820c1,true
captures_noreg/esp32/20260910T124147.218835Z_esp32_010/transport.raw4,captures_noreg/esp32/20260910T124147.218835Z_esp32_010,esp32,ESP32-D0WD-V3-01-NOREG,selected_final,2026-09-10_ppk2_energy_profiling_v3_esp32_noreg;2026-09-10_ppk2_energy_profiling_v3_regulators_removed,structural_protocol_pass,,15380480,3845120,54ec8e43a748fc3d65310de48318e33afa814134f8b6e37eba2510b0dd2ae928,54ec8e43a748fc3d65310de48318e33afa814134f8b6e37eba2510b0dd2ae928,true
captures_noreg/rp2040/20260910T125050.880663Z_rp2040_001/transport.raw4,captures_noreg/rp2040/20260910T125050.880663Z_rp2040_001,rp2040,RPI-PICO-RP2040-01-NOREG,pilot,,structural_protocol_pass,,30033920,7508480,e5cb79794d9ad651fa575714438db30427f7195920b4b785a069285c3302afb8,e5cb79794d9ad651fa575714438db30427f7195920b4b785a069285c3302afb8,true
captures_noreg/rp2040/20260910T125326.356969Z_rp2040_001/transport.raw4,captures_noreg/rp2040/20260910T125326.356969Z_rp2040_001,rp2040,RPI-PICO-RP2040-01-NOREG,selected_final,2026-09-10_ppk2_energy_profiling_v3_regulators_removed,structural_protocol_pass,,30021632,7505408,02bafddff85bb48cf8009a59e4dac2bdcde22b443e6fe47e45ea274839872f62,02bafddff85bb48cf8009a59e4dac2bdcde22b443e6fe47e45ea274839872f62,true
captures_noreg/rp2040/20260910T125545.775007Z_rp2040_002/transport.raw4,captures_noreg/rp2040/20260910T125545.775007Z_rp2040_002,rp2040,RPI-PICO-RP2040-01-NOREG,selected_final,2026-09-10_ppk2_energy_profiling_v3_regulators_removed,structural_protocol_pass,,29972480,7493120,d922b2c154eac6533d064d75aeed5a08e0fe872d429ef8a7e31f346917f53c58,d922b2c154eac6533d064d75aeed5a08e0fe872d429ef8a7e31f346917f53c58,true
captures_noreg/rp2040/20260910T125804.416262Z_rp2040_003/transport.raw4,captures_noreg/rp2040/20260910T125804.416262Z_rp2040_003,rp2040,RPI-PICO-RP2040-01-NOREG,selected_final,2026-09-10_ppk2_energy_profiling_v3_regulators_removed,structural_protocol_pass,,29970432,7492608,c1c51e7be4f8d40d61a8e2eb3520600f2fc802c55801260dac3662c7ca320968,c1c51e7be4f8d40d61a8e2eb3520600f2fc802c55801260dac3662c7ca320968,true
captures_noreg/rp2040/20260910T130031.187928Z_rp2040_004/transport.raw4,captures_noreg/rp2040/20260910T130031.187928Z_rp2040_004,rp2040,RPI-PICO-RP2040-01-NOREG,selected_final,2026-09-10_ppk2_energy_profiling_v3_regulators_removed,structural_protocol_pass,,29972480,7493120,dfc7d7676cea578f25b9214d9f69f0a969f3ced212dd397cf488ed889bf9c9d3,dfc7d7676cea578f25b9214d9f69f0a969f3ced212dd397cf488ed889bf9c9d3,true
captures_noreg/rp2040/20260910T130301.774656Z_rp2040_005/transport.raw4,captures_noreg/rp2040/20260910T130301.774656Z_rp2040_005,rp2040,RPI-PICO-RP2040-01-NOREG,selected_final,2026-09-10_ppk2_energy_profiling_v3_regulators_removed,structural_protocol_pass,,29970432,7492608,262f23cb171ba49a24739dd2a32ad4c7a40783da75c71d0f9b064c7686fc0b85,262f23cb171ba49a24739dd2a32ad4c7a40783da75c71d0f9b064c7686fc0b85,true
captures_noreg/rp2040/20260910T130531.202985Z_rp2040_006/transport.raw4,captures_noreg/rp2040/20260910T130531.202985Z_rp2040_006,rp2040,RPI-PICO-RP2040-01-NOREG,selected_final,2026-09-10_ppk2_energy_profiling_v3_regulators_removed,structural_protocol_pass,,29972480,7493120,b5cf156a8a5d99b0fded77a736a595946bb031f33efaa32a8884ccd77d17cd17,b5cf156a8a5d99b0fded77a736a595946bb031f33efaa32a8884ccd77d17cd17,true
captures_noreg/rp2040/20260910T130749.983681Z_rp2040_007/transport.raw4,captures_noreg/rp2040/20260910T130749.983681Z_rp2040_007,rp2040,RPI-PICO-RP2040-01-NOREG,selected_final,2026-09-10_ppk2_energy_profiling_v3_regulators_removed,structural_protocol_pass,,29970432,7492608,ea17eded09cc064cde70d6a9cedb4fdce65d6ac55454844cadc3dd05598975df,ea17eded09cc064cde70d6a9cedb4fdce65d6ac55454844cadc3dd05598975df,true
captures_noreg/rp2040/20260910T131019.811015Z_rp2040_008/transport.raw4,captures_noreg/rp2040/20260910T131019.811015Z_rp2040_008,rp2040,RPI-PICO-RP2040-01-NOREG,selected_final,2026-09-10_ppk2_energy_profiling_v3_regulators_removed,structural_protocol_pass,,29970432,7492608,835edaa5dd02acc62f8bee386e16f28e6ab6e679197a69a4b817f3e776c74657,835edaa5dd02acc62f8bee386e16f28e6ab6e679197a69a4b817f3e776c74657,true
captures_noreg/rp2040/20260910T131247.897076Z_rp2040_009/transport.raw4,captures_noreg/rp2040/20260910T131247.897076Z_rp2040_009,rp2040,RPI-PICO-RP2040-01-NOREG,selected_final,2026-09-10_ppk2_energy_profiling_v3_regulators_removed,structural_protocol_pass,,29970432,7492608,e38df6a43dafad4bea7724ef3a1d05dad30ab7f3fbdde3527fae4b63132c5f47,e38df6a43dafad4bea7724ef3a1d05dad30ab7f3fbdde3527fae4b63132c5f47,true
captures_noreg/rp2040/20260910T131515.232802Z_rp2040_010/transport.raw4,captures_noreg/rp2040/20260910T131515.232802Z_rp2040_010,rp2040,RPI-PICO-RP2040-01-NOREG,selected_final,2026-09-10_ppk2_energy_profiling_v3_regulators_removed,structural_protocol_pass,,29970432,7492608,238a3d089e09a99f84dece46a023ccf96e30fb363e1964d22fea526770d213a8,238a3d089e09a99f84dece46a023ccf96e30fb363e1964d22fea526770d213a8,true
diagnostics/ppk2_voltage_check/esp32/20260910T102250.341863Z_esp32_001/transport.partial.raw4,diagnostics/ppk2_voltage_check/esp32/20260910T102250.341863Z_esp32_001,esp32,ESP32-D0WD-V3-01,incomplete_transport,,,AcquisitionError,8159232,2039808,14b7b73205255c9debca00646a884ce90b80366b261ed82005fe18e66865dac1,,
