board,experiment_id,experiment_manifest_sha256,physical_board_id,capture_directory,started_utc,ended_utc,sample_count,sample_time_error_percent,transport_sha256,csv_sha256,expected_firmware_sha256,capture_tool_sha256,analyzer_sha256
esp32,energy-profiling-v3-single-gpio,e458d429cf49d803dd7dbfb5373e2bcac49e21f572466affb464c4a9971d1075,ESP32-D0WD-V3-01-NOREG,captures_noreg/esp32/20260910T123000.452016Z_esp32_001,2026-09-10T12:30:00.588Z,2026-09-10T12:30:39.250Z,3857920,-0.023846543343510298,7989777af50596f1fa56bfe1e1a80b6f4c059624fe31f6ca0adda78d3b3b7477,143ad11be22b520c40d9626ca3c06582201a32df315e1c8f4a7dd1ff0bbd3882,7ddad2c4440d72f42cd1052cd80f2cf6aa46f304b5c4772388cb12ad0d8b94fd,0d8b3aa0fb12e57613ec34e71adef726595f5311348d97342a7c6a719f62f164,35b8fdbbb41a3b1ae5ed2a4b98d7974dc07f23a8b894ba0366842acc6ebd1e01
esp32,energy-profiling-v3-single-gpio,e458d429cf49d803dd7dbfb5373e2bcac49e21f572466affb464c4a9971d1075,ESP32-D0WD-V3-01-NOREG,captures_noreg/esp32/20260910T123122.837343Z_esp32_002,2026-09-10T12:31:22.842Z,2026-09-10T12:32:01.366Z,3845120,3.484939081685953e-05,ca27691a8f2981ee9ce6c1cbc46e0bff7ce68a254655c567d8d0cced8241d475,05407050fdb0965386822acf47773be86675829caa2b921ac33cefd3bc57fb04,7ddad2c4440d72f42cd1052cd80f2cf6aa46f304b5c4772388cb12ad0d8b94fd,0d8b3aa0fb12e57613ec34e71adef726595f5311348d97342a7c6a719f62f164,35b8fdbbb41a3b1ae5ed2a4b98d7974dc07f23a8b894ba0366842acc6ebd1e01
esp32,energy-profiling-v3-single-gpio,e458d429cf49d803dd7dbfb5373e2bcac49e21f572466affb464c4a9971d1075,ESP32-D0WD-V3-01-NOREG,captures_noreg/esp32/20260910T123245.258284Z_esp32_003,2026-09-10T12:32:45.264Z,2026-09-10T12:33:23.794Z,3845120,-0.010721792642316994,f20e78766c2a358cb1c87f3a8e63916f0e8c38845ecd8acd537b73feb6954350,09f7b8e57c1d22bd5370e50b73a4684b3187d756681c1e6960e9edae8d09e937,7ddad2c4440d72f42cd1052cd80f2cf6aa46f304b5c4772388cb12ad0d8b94fd,0d8b3aa0fb12e57613ec34e71adef726595f5311348d97342a7c6a719f62f164,35b8fdbbb41a3b1ae5ed2a4b98d7974dc07f23a8b894ba0366842acc6ebd1e01
esp32,energy-profiling-v3-single-gpio,e458d429cf49d803dd7dbfb5373e2bcac49e21f572466affb464c4a9971d1075,ESP32-D0WD-V3-01-NOREG,captures_noreg/esp32/20260910T123403.832085Z_esp32_004,2026-09-10T12:34:03.836Z,2026-09-10T12:34:42.410Z,3844608,-0.011261778441162593,eba37d6875a78824f719d5d25d6fffe18dbc924672c9af01f77486783706c98f,a565219b0fab5f1d9d7bdcabec81a9204fc4e171c03b1ea94b56130dc7ca1814,7ddad2c4440d72f42cd1052cd80f2cf6aa46f304b5c4772388cb12ad0d8b94fd,0d8b3aa0fb12e57613ec34e71adef726595f5311348d97342a7c6a719f62f164,35b8fdbbb41a3b1ae5ed2a4b98d7974dc07f23a8b894ba0366842acc6ebd1e01
esp32,energy-profiling-v3-single-gpio,e458d429cf49d803dd7dbfb5373e2bcac49e21f572466affb464c4a9971d1075,ESP32-D0WD-V3-01-NOREG,captures_noreg/esp32/20260910T123524.318691Z_esp32_005,2026-09-10T12:35:24.323Z,2026-09-10T12:36:02.849Z,3845120,0.0012714979452140166,f549ef23b12f6b417f08b2b2e33c7fc9e09f42419cbf8a4c446ec8f7f0ce11c1,7c12e3ea413a5f0e9e094f2d657095406860909280fd770ae454a932ed467e8d,7ddad2c4440d72f42cd1052cd80f2cf6aa46f304b5c4772388cb12ad0d8b94fd,0d8b3aa0fb12e57613ec34e71adef726595f5311348d97342a7c6a719f62f164,35b8fdbbb41a3b1ae5ed2a4b98d7974dc07f23a8b894ba0366842acc6ebd1e01
esp32,energy-profiling-v3-single-gpio,e458d429cf49d803dd7dbfb5373e2bcac49e21f572466affb464c4a9971d1075,ESP32-D0WD-V3-01-NOREG,captures_noreg/esp32/20260910T123640.511140Z_esp32_006,2026-09-10T12:36:40.515Z,2026-09-10T12:37:19.089Z,3844608,-0.011611799056142234,268ed794ab3cdabe5b4bdfe29570340a2887de70b97302efe50610c51d295770,f0993068843b551f551e8bb40dbf4ce4b944bfadec4813971b7268afe5a4cd2f,7ddad2c4440d72f42cd1052cd80f2cf6aa46f304b5c4772388cb12ad0d8b94fd,0d8b3aa0fb12e57613ec34e71adef726595f5311348d97342a7c6a719f62f164,35b8fdbbb41a3b1ae5ed2a4b98d7974dc07f23a8b894ba0366842acc6ebd1e01
esp32,energy-profiling-v3-single-gpio,e458d429cf49d803dd7dbfb5373e2bcac49e21f572466affb464c4a9971d1075,ESP32-D0WD-V3-01-NOREG,captures_noreg/esp32/20260910T123757.633087Z_esp32_007,2026-09-10T12:37:57.637Z,2026-09-10T12:38:36.163Z,3845120,-0.00041897086502057265,465ce647d6d0a8c8468792723aaa00141c6f45c14ea894c4d30223d953f4def5,b450b239900de69bac206bbded49cac86b1bd3bd58b4f1d71cf68d3da1bcf443,7ddad2c4440d72f42cd1052cd80f2cf6aa46f304b5c4772388cb12ad0d8b94fd,0d8b3aa0fb12e57613ec34e71adef726595f5311348d97342a7c6a719f62f164,35b8fdbbb41a3b1ae5ed2a4b98d7974dc07f23a8b894ba0366842acc6ebd1e01
esp32,energy-profiling-v3-single-gpio,e458d429cf49d803dd7dbfb5373e2bcac49e21f572466affb464c4a9971d1075,ESP32-D0WD-V3-01-NOREG,captures_noreg/esp32/20260910T123913.826997Z_esp32_008,2026-09-10T12:39:13.832Z,2026-09-10T12:39:52.357Z,3845120,0.001063437129192372,ea40721197c22868d9dfe3427237bf3b1bcad8df4bf137c1fe0e94f4ac90dac0,17b597d29117511730452ea48258d993c4fb85e36acb9f18c84088e37aba0fac,7ddad2c4440d72f42cd1052cd80f2cf6aa46f304b5c4772388cb12ad0d8b94fd,0d8b3aa0fb12e57613ec34e71adef726595f5311348d97342a7c6a719f62f164,35b8fdbbb41a3b1ae5ed2a4b98d7974dc07f23a8b894ba0366842acc6ebd1e01
esp32,energy-profiling-v3-single-gpio,e458d429cf49d803dd7dbfb5373e2bcac49e21f572466affb464c4a9971d1075,ESP32-D0WD-V3-01-NOREG,captures_noreg/esp32/20260910T124030.428881Z_esp32_009,2026-09-10T12:40:30.433Z,2026-09-10T12:41:09.006Z,3844608,-0.010842582545556395,2ef6cb16f4cdad1223711e9390d5a04ace16110a882756870ca181e0477820c1,0979182bdd8432025a0a25f253b4a7946f32e935bbf914df720c9797dbb8655d,7ddad2c4440d72f42cd1052cd80f2cf6aa46f304b5c4772388cb12ad0d8b94fd,0d8b3aa0fb12e57613ec34e71adef726595f5311348d97342a7c6a719f62f164,35b8fdbbb41a3b1ae5ed2a4b98d7974dc07f23a8b894ba0366842acc6ebd1e01
esp32,energy-profiling-v3-single-gpio,e458d429cf49d803dd7dbfb5373e2bcac49e21f572466affb464c4a9971d1075,ESP32-D0WD-V3-01-NOREG,captures_noreg/esp32/20260910T124147.218835Z_esp32_010,2026-09-10T12:41:47.223Z,2026-09-10T12:42:25.748Z,3845120,0.0014756584334217236,54ec8e43a748fc3d65310de48318e33afa814134f8b6e37eba2510b0dd2ae928,50471bd0a29ab6d5fc2bd1e96f31cc8ce2fca9410e67015f2b046d593e80cd4e,7ddad2c4440d72f42cd1052cd80f2cf6aa46f304b5c4772388cb12ad0d8b94fd,0d8b3aa0fb12e57613ec34e71adef726595f5311348d97342a7c6a719f62f164,35b8fdbbb41a3b1ae5ed2a4b98d7974dc07f23a8b894ba0366842acc6ebd1e01
rp2040,energy-profiling-v4-max-clock,10f13eed40fe455611a87c39bc5d00a2bb1b93583760cbb4fe6c637ea7670567,RPI-PICO-RP2040-01-NOREG,captures_max_clock/rp2040/20260911T151731.457588Z_rp2040_001,2026-09-11T15:17:31.540Z,2026-09-11T15:18:28.080Z,5645824,-0.014244075484003582,d0cb566b89bed14dfc577cd4d2ebe3170a7734a6a20718cdca90b32ca856ba26,15c8b70b022cf9052758e0c3945eb3bb4a9d841179625786c9249a483c7b573b,593f7e06dde7d7e03dc4f7bfc3ffe0ee877910841af8ed23819cdbeabc83257e,7fac6e45351b08f2012b7e440e7d50dede2d56b0cddaa1a87abd6afb3c4e739e,9a7fbdeaad1120e75a2bd5e75ea120604e9475838a27da9c3d7d91e76fb1cdff
rp2040,energy-profiling-v4-max-clock,10f13eed40fe455611a87c39bc5d00a2bb1b93583760cbb4fe6c637ea7670567,RPI-PICO-RP2040-01-NOREG,captures_max_clock/rp2040/20260911T151917.857636Z_rp2040_002,2026-09-11T15:19:17.866Z,2026-09-11T15:20:14.232Z,5628928,-0.00023485764031122883,755ef4ca1f87a047023947becc51978da98fa5a5923fe1ae37217a1d83a7ebd3,d8d49bc89a05828938d3c70921478ef06c83982bfa282e4971b37ad603ef0f34,593f7e06dde7d7e03dc4f7bfc3ffe0ee877910841af8ed23819cdbeabc83257e,7fac6e45351b08f2012b7e440e7d50dede2d56b0cddaa1a87abd6afb3c4e739e,9a7fbdeaad1120e75a2bd5e75ea120604e9475838a27da9c3d7d91e76fb1cdff
rp2040,energy-profiling-v4-max-clock,10f13eed40fe455611a87c39bc5d00a2bb1b93583760cbb4fe6c637ea7670567,RPI-PICO-RP2040-01-NOREG,captures_max_clock/rp2040/20260911T152103.384952Z_rp2040_003,2026-09-11T15:21:03.397Z,2026-09-11T15:21:59.760Z,5628928,7.763471161429734e-05,de231d47ecb9b975904f8d0d4ceb9d53db79d739267b2d1e83d5e43f38936a63,c1e27a5040edbbd26aa1da06b919f6ace8641d01d40896e5b97a4dc346492926,593f7e06dde7d7e03dc4f7bfc3ffe0ee877910841af8ed23819cdbeabc83257e,7fac6e45351b08f2012b7e440e7d50dede2d56b0cddaa1a87abd6afb3c4e739e,9a7fbdeaad1120e75a2bd5e75ea120604e9475838a27da9c3d7d91e76fb1cdff
rp2040,energy-profiling-v4-max-clock,10f13eed40fe455611a87c39bc5d00a2bb1b93583760cbb4fe6c637ea7670567,RPI-PICO-RP2040-01-NOREG,captures_max_clock/rp2040/20260911T152248.986086Z_rp2040_004,2026-09-11T15:22:48.997Z,2026-09-11T15:23:45.360Z,5628928,0.0009522330247700766,dde6b331ba54972b56cba507a28db292af359499a2ccbc6ecf37c49c508a24ed,df3f95e60dfbd5d34ed46e20200dfaeb34ab068eba13b6cd8cd5b435681a6dc4,593f7e06dde7d7e03dc4f7bfc3ffe0ee877910841af8ed23819cdbeabc83257e,7fac6e45351b08f2012b7e440e7d50dede2d56b0cddaa1a87abd6afb3c4e739e,9a7fbdeaad1120e75a2bd5e75ea120604e9475838a27da9c3d7d91e76fb1cdff
rp2040,energy-profiling-v4-max-clock,10f13eed40fe455611a87c39bc5d00a2bb1b93583760cbb4fe6c637ea7670567,RPI-PICO-RP2040-01-NOREG,captures_max_clock/rp2040/20260911T152434.913052Z_rp2040_005,2026-09-11T15:24:34.922Z,2026-09-11T15:25:31.286Z,5628928,-0.0008003235924416295,592694dfabd2fa2195776821dce883a6103e773ab21f3a55c0daea8581ed4b3d,f9220785de4f6c5188557ee2edfa65b072eaa257f50d55bd791a94a6f12621b5,593f7e06dde7d7e03dc4f7bfc3ffe0ee877910841af8ed23819cdbeabc83257e,7fac6e45351b08f2012b7e440e7d50dede2d56b0cddaa1a87abd6afb3c4e739e,9a7fbdeaad1120e75a2bd5e75ea120604e9475838a27da9c3d7d91e76fb1cdff
rp2040,energy-profiling-v4-max-clock,10f13eed40fe455611a87c39bc5d00a2bb1b93583760cbb4fe6c637ea7670567,RPI-PICO-RP2040-01-NOREG,captures_max_clock/rp2040/20260911T152620.334984Z_rp2040_006,2026-09-11T15:26:20.343Z,2026-09-11T15:27:16.705Z,5628928,0.0010494115709593372,b5107a0c77a98e351a203802102e3b35aa537481201034d0821fb0eda29b9090,a5d731bdf2e12b32e25d89db38a96499bda8fe77f9c9817e47fbb496862aa27f,593f7e06dde7d7e03dc4f7bfc3ffe0ee877910841af8ed23819cdbeabc83257e,7fac6e45351b08f2012b7e440e7d50dede2d56b0cddaa1a87abd6afb3c4e739e,9a7fbdeaad1120e75a2bd5e75ea120604e9475838a27da9c3d7d91e76fb1cdff
rp2040,energy-profiling-v4-max-clock,10f13eed40fe455611a87c39bc5d00a2bb1b93583760cbb4fe6c637ea7670567,RPI-PICO-RP2040-01-NOREG,captures_max_clock/rp2040/20260911T152806.090636Z_rp2040_007,2026-09-11T15:28:06.100Z,2026-09-11T15:29:02.464Z,5628928,-0.0005175026149946445,3e3b847a1fc063362e0441f028449a9c8e1733a45fc934e5bfa3177e2ec243a7,cac708ea48e00b10ac9dac2c46153d06cf1f556cb61f80f6d87f55437c805917,593f7e06dde7d7e03dc4f7bfc3ffe0ee877910841af8ed23819cdbeabc83257e,7fac6e45351b08f2012b7e440e7d50dede2d56b0cddaa1a87abd6afb3c4e739e,9a7fbdeaad1120e75a2bd5e75ea120604e9475838a27da9c3d7d91e76fb1cdff
rp2040,energy-profiling-v4-max-clock,10f13eed40fe455611a87c39bc5d00a2bb1b93583760cbb4fe6c637ea7670567,RPI-PICO-RP2040-01-NOREG,captures_max_clock/rp2040/20260911T152951.756212Z_rp2040_008,2026-09-11T15:29:51.764Z,2026-09-11T15:30:48.177Z,5628416,-0.00686646940659924,4e11a33767fa36b6609f9037309f01f518fae729363004c784ac01894ab45ff0,2c2084f84ddf9d1eb1df883687ef69cfdab44967f38d61a3148595790ade9d13,593f7e06dde7d7e03dc4f7bfc3ffe0ee877910841af8ed23819cdbeabc83257e,7fac6e45351b08f2012b7e440e7d50dede2d56b0cddaa1a87abd6afb3c4e739e,9a7fbdeaad1120e75a2bd5e75ea120604e9475838a27da9c3d7d91e76fb1cdff
rp2040,energy-profiling-v4-max-clock,10f13eed40fe455611a87c39bc5d00a2bb1b93583760cbb4fe6c637ea7670567,RPI-PICO-RP2040-01-NOREG,captures_max_clock/rp2040/20260911T153137.537424Z_rp2040_009,2026-09-11T15:31:37.545Z,2026-09-11T15:32:33.910Z,5628928,-0.0012924141235050245,f0086e08f10379c4fa38abeed3603c4d79256adfd04b4a3db00430a11c859fa8,5b03b2a38f439ea745d71e91bb7f83d5b3c3242a63f9e0afd27f5017afa5a718,593f7e06dde7d7e03dc4f7bfc3ffe0ee877910841af8ed23819cdbeabc83257e,7fac6e45351b08f2012b7e440e7d50dede2d56b0cddaa1a87abd6afb3c4e739e,9a7fbdeaad1120e75a2bd5e75ea120604e9475838a27da9c3d7d91e76fb1cdff
rp2040,energy-profiling-v4-max-clock,10f13eed40fe455611a87c39bc5d00a2bb1b93583760cbb4fe6c637ea7670567,RPI-PICO-RP2040-01-NOREG,captures_max_clock/rp2040/20260911T153323.163194Z_rp2040_010,2026-09-11T15:33:23.171Z,2026-09-11T15:34:19.534Z,5628928,0.0011019981385516754,e4f570214be69f61d88417f131e65a0e409dee697fd785a796f3af987aa99d1f,686032c1d6ed494a560d47ed2814736610a53a87110b709cee5e37e923c3b9c6,593f7e06dde7d7e03dc4f7bfc3ffe0ee877910841af8ed23819cdbeabc83257e,7fac6e45351b08f2012b7e440e7d50dede2d56b0cddaa1a87abd6afb3c4e739e,9a7fbdeaad1120e75a2bd5e75ea120604e9475838a27da9c3d7d91e76fb1cdff
stm32,energy-profiling-v4-max-clock,10f13eed40fe455611a87c39bc5d00a2bb1b93583760cbb4fe6c637ea7670567,NUCLEO-F446RE-01,captures_max_clock/stm32/20260911T160210.593291Z_stm32_001,2026-09-11T16:02:10.675Z,2026-09-11T16:02:48.476Z,3771904,-0.02160086698771659,c36c365389dc45629f52922e8a5092b1f589de8ce467ef08c9320e348c5b1fcf,7e1b726f287c60e0297fbcbccf482c791092d37d3c3385dc0d0bce9c67ddb20d,9fa0531d09e2e55ab22d7f4eaa39d0a5a32b3d7c3c15cd6fda716621f6adfafd,3f360d81c2f0f2e69531665e02d85c5e1102944ab850217066addf5527052cfe,9a7fbdeaad1120e75a2bd5e75ea120604e9475838a27da9c3d7d91e76fb1cdff
stm32,energy-profiling-v4-max-clock,10f13eed40fe455611a87c39bc5d00a2bb1b93583760cbb4fe6c637ea7670567,NUCLEO-F446RE-01,captures_max_clock/stm32/20260911T160324.851994Z_stm32_002,2026-09-11T16:03:24.857Z,2026-09-11T16:04:02.487Z,3755520,0.001178812017982262,e1fec190cd4e98bacb0554a547ce66dc62349f7f5f28d875a83d861e6f41c43a,4f54273241db38492e3ba729d6c9fcf9dbe3070ea88bc1afd710a4bb9eede57a,9fa0531d09e2e55ab22d7f4eaa39d0a5a32b3d7c3c15cd6fda716621f6adfafd,3f360d81c2f0f2e69531665e02d85c5e1102944ab850217066addf5527052cfe,9a7fbdeaad1120e75a2bd5e75ea120604e9475838a27da9c3d7d91e76fb1cdff
stm32,energy-profiling-v4-max-clock,10f13eed40fe455611a87c39bc5d00a2bb1b93583760cbb4fe6c637ea7670567,NUCLEO-F446RE-01,captures_max_clock/stm32/20260911T160441.947679Z_stm32_003,2026-09-11T16:04:41.961Z,2026-09-11T16:05:19.584Z,3755008,0.00016750990467657715,4b78ed55fac63e90d4568e45197d9952c941654fe019d475e15db02c62b59696,1616b81db5220876f450ab225b9f45f0839b3fe2fffcffbe3c199aa0d51e50f3,9fa0531d09e2e55ab22d7f4eaa39d0a5a32b3d7c3c15cd6fda716621f6adfafd,3f360d81c2f0f2e69531665e02d85c5e1102944ab850217066addf5527052cfe,9a7fbdeaad1120e75a2bd5e75ea120604e9475838a27da9c3d7d91e76fb1cdff
stm32,energy-profiling-v4-max-clock,10f13eed40fe455611a87c39bc5d00a2bb1b93583760cbb4fe6c637ea7670567,NUCLEO-F446RE-01,captures_max_clock/stm32/20260911T160557.028941Z_stm32_004,2026-09-11T16:05:57.035Z,2026-09-11T16:06:34.649Z,3753984,0.00012919626328787624,02e722c2f4d8ad5beb1827007daa61879ae8ae4b25a5635f72beb4ee76ac0ba7,97ac4e1b8c00fd8db121954aa35faa46d6ea20dcab6a90c1cbdb03ade499f313,9fa0531d09e2e55ab22d7f4eaa39d0a5a32b3d7c3c15cd6fda716621f6adfafd,3f360d81c2f0f2e69531665e02d85c5e1102944ab850217066addf5527052cfe,9a7fbdeaad1120e75a2bd5e75ea120604e9475838a27da9c3d7d91e76fb1cdff
stm32,energy-profiling-v4-max-clock,10f13eed40fe455611a87c39bc5d00a2bb1b93583760cbb4fe6c637ea7670567,NUCLEO-F446RE-01,captures_max_clock/stm32/20260911T160710.600493Z_stm32_005,2026-09-11T16:07:10.609Z,2026-09-11T16:07:48.231Z,3754496,-0.0014627582126193585,08f48f2bcf3f1128941d12ca90d79c1652e2a42a4788d3cafed7127591b6a564,7babe8a392d597ea2349b4c52941ea3c8c4832c12569530448f54851e663bab2,9fa0531d09e2e55ab22d7f4eaa39d0a5a32b3d7c3c15cd6fda716621f6adfafd,3f360d81c2f0f2e69531665e02d85c5e1102944ab850217066addf5527052cfe,9a7fbdeaad1120e75a2bd5e75ea120604e9475838a27da9c3d7d91e76fb1cdff
stm32,energy-profiling-v4-max-clock,10f13eed40fe455611a87c39bc5d00a2bb1b93583760cbb4fe6c637ea7670567,NUCLEO-F446RE-01,captures_max_clock/stm32/20260911T160824.202766Z_stm32_006,2026-09-11T16:08:24.212Z,2026-09-11T16:09:01.834Z,3755008,0.0012404921322135842,6d27a3b5f75eeab919b5a9047d2862c6f08fb31dc42a4199a3b629e3f5f49bf8,70042fef0e29fe38d4196c6a5fb5488b389ffd7e96209f91ef3b36720cbc4e45,9fa0531d09e2e55ab22d7f4eaa39d0a5a32b3d7c3c15cd6fda716621f6adfafd,3f360d81c2f0f2e69531665e02d85c5e1102944ab850217066addf5527052cfe,9a7fbdeaad1120e75a2bd5e75ea120604e9475838a27da9c3d7d91e76fb1cdff
stm32,energy-profiling-v4-max-clock,10f13eed40fe455611a87c39bc5d00a2bb1b93583760cbb4fe6c637ea7670567,NUCLEO-F446RE-01,captures_max_clock/stm32/20260911T160937.804035Z_stm32_007,2026-09-11T16:09:37.811Z,2026-09-11T16:10:15.477Z,3753984,-0.011728828644262352,4bdfb89fc3ccf99147cab65efe1323b6793fc96e2bc49c896ab069c9025acc55,bb95accb9b36805ae6e2e583341d817aa886e8fe9d8b16d0d116bc93ae78e01b,9fa0531d09e2e55ab22d7f4eaa39d0a5a32b3d7c3c15cd6fda716621f6adfafd,3f360d81c2f0f2e69531665e02d85c5e1102944ab850217066addf5527052cfe,9a7fbdeaad1120e75a2bd5e75ea120604e9475838a27da9c3d7d91e76fb1cdff
stm32,energy-profiling-v4-max-clock,10f13eed40fe455611a87c39bc5d00a2bb1b93583760cbb4fe6c637ea7670567,NUCLEO-F446RE-01,captures_max_clock/stm32/20260911T161055.838308Z_stm32_008,2026-09-11T16:10:55.843Z,2026-09-11T16:11:33.458Z,3753984,0.0017072820490630313,eb65949d4762325d3ea4beed7685a659c300afbc67062400c32b71c2cc7ee142,3bc67de6cd78259e2064524f09700a1fa9e2ad4ed5324dcad32b034f6cdafb25,9fa0531d09e2e55ab22d7f4eaa39d0a5a32b3d7c3c15cd6fda716621f6adfafd,3f360d81c2f0f2e69531665e02d85c5e1102944ab850217066addf5527052cfe,9a7fbdeaad1120e75a2bd5e75ea120604e9475838a27da9c3d7d91e76fb1cdff
stm32,energy-profiling-v4-max-clock,10f13eed40fe455611a87c39bc5d00a2bb1b93583760cbb4fe6c637ea7670567,NUCLEO-F446RE-01,captures_max_clock/stm32/20260911T161211.208773Z_stm32_009,2026-09-11T16:12:11.218Z,2026-09-11T16:12:48.828Z,3753472,-0.0017905767166365692,1d7fadf926fcaecc918ec04f2a672877b96b2b42fcb94761c80fa42952568cae,cb5704d8d2694e6cc68f9ba7e640db345fd2bc0ef267e4d365435bbe7ddb334d,9fa0531d09e2e55ab22d7f4eaa39d0a5a32b3d7c3c15cd6fda716621f6adfafd,3f360d81c2f0f2e69531665e02d85c5e1102944ab850217066addf5527052cfe,9a7fbdeaad1120e75a2bd5e75ea120604e9475838a27da9c3d7d91e76fb1cdff
stm32,energy-profiling-v4-max-clock,10f13eed40fe455611a87c39bc5d00a2bb1b93583760cbb4fe6c637ea7670567,NUCLEO-F446RE-01,captures_max_clock/stm32/20260911T161324.917116Z_stm32_010,2026-09-11T16:13:24.920Z,2026-09-11T16:14:02.536Z,3753984,0.0001454456798913736,c40d2fea81f9b927c446882d930cb7550157167ced9b47db65d5ea3a381deab0,5ac42c45eaad5cb9c7c31d0172266394d3f0d95bd7636bdecba4967c544b4782,9fa0531d09e2e55ab22d7f4eaa39d0a5a32b3d7c3c15cd6fda716621f6adfafd,3f360d81c2f0f2e69531665e02d85c5e1102944ab850217066addf5527052cfe,9a7fbdeaad1120e75a2bd5e75ea120604e9475838a27da9c3d7d91e76fb1cdff
