board,folder,run,capture_id,physical_board_id,source_capture_directory,source_raw_path,destination_directory,regulator_isolated,regulator_removed,regulator_evidence,experiment_manifest,experiment_sha256,original_experiment_id,target_cpu_hz,expected_firmware_sha256,sample_count,sample_rate_Hz,sample_count_times_dt_s,raw_bytes,raw_sha256,csv_path,csv_sha256,csv_bytes,raw_and_csv_hashes_verified,independent_csv_integration_passed,original_analysis_status
esp32,ESP32,1,20260911T172549.452730Z_esp32_001,ESP32-D0WD-V3-01-NOREG,captures_common160/esp32/20260911T172549.452730Z_esp32_001,captures_common160/esp32/20260911T172549.452730Z_esp32_001/transport.raw4,ESP32/run_01,True,True,selected_regulator_removed_fixture,config/experiment.common160.json,1fc4fe617fd2cf6cc50a2d775eb8b22b8c44603c6dc15a5cf9b26e86971fb3d3,energy-profiling-v5-common160,160000000,7889845c7f39b17531be9e553aa9d7d5fe239aa8727520f99001eb880a7e219a,4814848,100000,48.14848,19259392,57fd3fbe927c1782bd4a84897e6d52cb2a662e6175001f9202b607bfc27a93e3,ESP32/run_01/capture.csv,b8921a3f54e93aab9370c16d399ac9fd726c36e7de4f019f61bf842ba1c7a1ca,177411558,True,True,structural_protocol_pass
esp32,ESP32,2,20260911T172721.420629Z_esp32_002,ESP32-D0WD-V3-01-NOREG,captures_common160/esp32/20260911T172721.420629Z_esp32_002,captures_common160/esp32/20260911T172721.420629Z_esp32_002/transport.raw4,ESP32/run_02,True,True,selected_regulator_removed_fixture,config/experiment.common160.json,1fc4fe617fd2cf6cc50a2d775eb8b22b8c44603c6dc15a5cf9b26e86971fb3d3,energy-profiling-v5-common160,160000000,7889845c7f39b17531be9e553aa9d7d5fe239aa8727520f99001eb880a7e219a,4797952,100000,47.97952,19191808,02f2112b7ab0145a9d58676c5d7c7cdb71a8acf27f4f44955c4ccccfb2540783,ESP32/run_02/capture.csv,4109e8a0329b030012db834bae44b6f0d72fc781060b643acfb6e266099578a5,176780158,True,True,structural_protocol_pass
esp32,ESP32,3,20260911T172852.720928Z_esp32_003,ESP32-D0WD-V3-01-NOREG,captures_common160/esp32/20260911T172852.720928Z_esp32_003,captures_common160/esp32/20260911T172852.720928Z_esp32_003/transport.raw4,ESP32/run_03,True,True,selected_regulator_removed_fixture,config/experiment.common160.json,1fc4fe617fd2cf6cc50a2d775eb8b22b8c44603c6dc15a5cf9b26e86971fb3d3,energy-profiling-v5-common160,160000000,7889845c7f39b17531be9e553aa9d7d5fe239aa8727520f99001eb880a7e219a,4797952,100000,47.97952,19191808,6aaba11a29980725e9568b1438edc46ad46385fdc05532a0a824dbe24f3e8c81,ESP32/run_03/capture.csv,345e1f539bd06cffe7815fca86287415309d3577c5c7c55aad0437134cf20057,176748320,True,True,structural_protocol_pass
esp32,ESP32,4,20260911T173023.941730Z_esp32_004,ESP32-D0WD-V3-01-NOREG,captures_common160/esp32/20260911T173023.941730Z_esp32_004,captures_common160/esp32/20260911T173023.941730Z_esp32_004/transport.raw4,ESP32/run_04,True,True,selected_regulator_removed_fixture,config/experiment.common160.json,1fc4fe617fd2cf6cc50a2d775eb8b22b8c44603c6dc15a5cf9b26e86971fb3d3,energy-profiling-v5-common160,160000000,7889845c7f39b17531be9e553aa9d7d5fe239aa8727520f99001eb880a7e219a,4797952,100000,47.97952,19191808,55bff76f81a01f6347e56d508872d9fa5695bb279326f881cfa311017f884aa3,ESP32/run_04/capture.csv,6663e813704e739f101c521b3f699bc912f7e12696d85d161e590b2191cba637,176769546,True,True,structural_protocol_pass
esp32,ESP32,5,20260911T173155.615082Z_esp32_005,ESP32-D0WD-V3-01-NOREG,captures_common160/esp32/20260911T173155.615082Z_esp32_005,captures_common160/esp32/20260911T173155.615082Z_esp32_005/transport.raw4,ESP32/run_05,True,True,selected_regulator_removed_fixture,config/experiment.common160.json,1fc4fe617fd2cf6cc50a2d775eb8b22b8c44603c6dc15a5cf9b26e86971fb3d3,energy-profiling-v5-common160,160000000,7889845c7f39b17531be9e553aa9d7d5fe239aa8727520f99001eb880a7e219a,4797440,100000,47.9744,19189760,596833fc1c1a1aa6e54227f3b6b21abe018a662afb738a53334ac6528743c2f0,ESP32/run_05/capture.csv,bb4ebe71a491eb57ae754588a1f09553663b95ee6375c444779f3d30d52f3b88,176756332,True,True,structural_protocol_pass
esp32,ESP32,6,20260911T173326.974377Z_esp32_006,ESP32-D0WD-V3-01-NOREG,captures_common160/esp32/20260911T173326.974377Z_esp32_006,captures_common160/esp32/20260911T173326.974377Z_esp32_006/transport.raw4,ESP32/run_06,True,True,selected_regulator_removed_fixture,config/experiment.common160.json,1fc4fe617fd2cf6cc50a2d775eb8b22b8c44603c6dc15a5cf9b26e86971fb3d3,energy-profiling-v5-common160,160000000,7889845c7f39b17531be9e553aa9d7d5fe239aa8727520f99001eb880a7e219a,4797440,100000,47.9744,19189760,3bcd8f314d18f4b3130ecac62e827ae05e4e4bfef8b1104c397aa28471b45d8b,ESP32/run_06/capture.csv,c4bb1d5f32b71973a830b06849a1fbf629f7048703483844b06f49e50162f8b4,176719931,True,True,structural_protocol_pass
esp32,ESP32,7,20260911T173458.274633Z_esp32_007,ESP32-D0WD-V3-01-NOREG,captures_common160/esp32/20260911T173458.274633Z_esp32_007,captures_common160/esp32/20260911T173458.274633Z_esp32_007/transport.raw4,ESP32/run_07,True,True,selected_regulator_removed_fixture,config/experiment.common160.json,1fc4fe617fd2cf6cc50a2d775eb8b22b8c44603c6dc15a5cf9b26e86971fb3d3,energy-profiling-v5-common160,160000000,7889845c7f39b17531be9e553aa9d7d5fe239aa8727520f99001eb880a7e219a,4797952,100000,47.97952,19191808,da85fb3e341eb323691c7fcdab6e07799244e990351b326f8bedf5130775c9e8,ESP32/run_07/capture.csv,41801fc251cef34af3ee89ec17036dbbbd5206e85ca2e7bb85dcc1f275be50c6,176743112,True,True,structural_protocol_pass
esp32,ESP32,8,20260911T173629.439735Z_esp32_008,ESP32-D0WD-V3-01-NOREG,captures_common160/esp32/20260911T173629.439735Z_esp32_008,captures_common160/esp32/20260911T173629.439735Z_esp32_008/transport.raw4,ESP32/run_08,True,True,selected_regulator_removed_fixture,config/experiment.common160.json,1fc4fe617fd2cf6cc50a2d775eb8b22b8c44603c6dc15a5cf9b26e86971fb3d3,energy-profiling-v5-common160,160000000,7889845c7f39b17531be9e553aa9d7d5fe239aa8727520f99001eb880a7e219a,4797952,100000,47.97952,19191808,4edbf270853dd0127510d87cd7cb3c5b068bc6aa5b573c767841d8e421fdba6f,ESP32/run_08/capture.csv,7e802f1f751ebb8438c92776cd704ead3d94062c6a1553e1b206b294b42ba88d,176766369,True,True,structural_protocol_pass
esp32,ESP32,9,20260911T173800.619473Z_esp32_009,ESP32-D0WD-V3-01-NOREG,captures_common160/esp32/20260911T173800.619473Z_esp32_009,captures_common160/esp32/20260911T173800.619473Z_esp32_009/transport.raw4,ESP32/run_09,True,True,selected_regulator_removed_fixture,config/experiment.common160.json,1fc4fe617fd2cf6cc50a2d775eb8b22b8c44603c6dc15a5cf9b26e86971fb3d3,energy-profiling-v5-common160,160000000,7889845c7f39b17531be9e553aa9d7d5fe239aa8727520f99001eb880a7e219a,4797952,100000,47.97952,19191808,9864641c17e7398e07edcb6dcc3f15d0e8721c5f7b97e9a025b8cc2952d82ec1,ESP32/run_09/capture.csv,987a79c9cba461c28f19cc8f1478f8bb081054e2214174b198739cadb6136518,176771910,True,True,structural_protocol_pass
esp32,ESP32,10,20260911T173932.106656Z_esp32_010,ESP32-D0WD-V3-01-NOREG,captures_common160/esp32/20260911T173932.106656Z_esp32_010,captures_common160/esp32/20260911T173932.106656Z_esp32_010/transport.raw4,ESP32/run_10,True,True,selected_regulator_removed_fixture,config/experiment.common160.json,1fc4fe617fd2cf6cc50a2d775eb8b22b8c44603c6dc15a5cf9b26e86971fb3d3,energy-profiling-v5-common160,160000000,7889845c7f39b17531be9e553aa9d7d5fe239aa8727520f99001eb880a7e219a,4797952,100000,47.97952,19191808,10c1ecee2ec783197c4be1880d830ac5d66c4ed30b1b29403e54850f00c3ad54,ESP32/run_10/capture.csv,c1dba0d0adbdff1491a4002b39984f1991b47919f887f83bedf318d20e8f8849,176755038,True,True,structural_protocol_pass
rp2040,RP2040,1,20260911T164516.965859Z_rp2040_001,RPI-PICO-RP2040-01-NOREG,captures_common160/rp2040/20260911T164516.965859Z_rp2040_001,captures_common160/rp2040/20260911T164516.965859Z_rp2040_001/transport.raw4,RP2040/run_01,True,True,selected_regulator_removed_fixture,config/experiment.common160.json,1fc4fe617fd2cf6cc50a2d775eb8b22b8c44603c6dc15a5cf9b26e86971fb3d3,energy-profiling-v5-common160,160000000,7f0c61102d09e1cd75a1b94c2740926490ab6ba1ae178c9e575115cf853de0de,6570496,100000,65.70496,26281984,901cbaa42efcc419265e8a76d290aee01598a08dd40dbe27b10109078a73b62e,RP2040/run_01/capture.csv,f0c5f141b1f71c8ce1ba6128a5f5c2df33d0428325639a1fa8693f24c73badeb,245522847,True,True,structural_protocol_pass
rp2040,RP2040,2,20260911T164718.498849Z_rp2040_002,RPI-PICO-RP2040-01-NOREG,captures_common160/rp2040/20260911T164718.498849Z_rp2040_002,captures_common160/rp2040/20260911T164718.498849Z_rp2040_002/transport.raw4,RP2040/run_02,True,True,selected_regulator_removed_fixture,config/experiment.common160.json,1fc4fe617fd2cf6cc50a2d775eb8b22b8c44603c6dc15a5cf9b26e86971fb3d3,energy-profiling-v5-common160,160000000,7f0c61102d09e1cd75a1b94c2740926490ab6ba1ae178c9e575115cf853de0de,6553600,100000,65.536,26214400,de51bfa71150bb4639432d0910ddc5331cfca2caf5f29bca5ea00b0b51c28275,RP2040/run_02/capture.csv,4693dad49651d0c082944699fbb7b02c7d1ee5a83c4d452c792ff5d10f50ca48,244796303,True,True,structural_protocol_pass
rp2040,RP2040,3,20260911T164919.181891Z_rp2040_003,RPI-PICO-RP2040-01-NOREG,captures_common160/rp2040/20260911T164919.181891Z_rp2040_003,captures_common160/rp2040/20260911T164919.181891Z_rp2040_003/transport.raw4,RP2040/run_03,True,True,selected_regulator_removed_fixture,config/experiment.common160.json,1fc4fe617fd2cf6cc50a2d775eb8b22b8c44603c6dc15a5cf9b26e86971fb3d3,energy-profiling-v5-common160,160000000,7f0c61102d09e1cd75a1b94c2740926490ab6ba1ae178c9e575115cf853de0de,6553600,100000,65.536,26214400,0628991020636a734a3b767b2c85082feab1acafe21a3c15cffd5c8f3640aa54,RP2040/run_03/capture.csv,1651feb25c20eb287e810c5fd6b917a25309a4c925fc52419200212662da3498,244815556,True,True,structural_protocol_pass
rp2040,RP2040,4,20260911T165120.727733Z_rp2040_004,RPI-PICO-RP2040-01-NOREG,captures_common160/rp2040/20260911T165120.727733Z_rp2040_004,captures_common160/rp2040/20260911T165120.727733Z_rp2040_004/transport.raw4,RP2040/run_04,True,True,selected_regulator_removed_fixture,config/experiment.common160.json,1fc4fe617fd2cf6cc50a2d775eb8b22b8c44603c6dc15a5cf9b26e86971fb3d3,energy-profiling-v5-common160,160000000,7f0c61102d09e1cd75a1b94c2740926490ab6ba1ae178c9e575115cf853de0de,6553600,100000,65.536,26214400,dbda68e878c54e5143db7cb70fd2b8a081a81e632c08573fcaf469f83b406e29,RP2040/run_04/capture.csv,ece6d442077ccb22cbd0da0f114bb858299576cf80974e3b2bc1addd34f61e5a,244709054,True,True,structural_protocol_pass
rp2040,RP2040,5,20260911T165321.927492Z_rp2040_005,RPI-PICO-RP2040-01-NOREG,captures_common160/rp2040/20260911T165321.927492Z_rp2040_005,captures_common160/rp2040/20260911T165321.927492Z_rp2040_005/transport.raw4,RP2040/run_05,True,True,selected_regulator_removed_fixture,config/experiment.common160.json,1fc4fe617fd2cf6cc50a2d775eb8b22b8c44603c6dc15a5cf9b26e86971fb3d3,energy-profiling-v5-common160,160000000,7f0c61102d09e1cd75a1b94c2740926490ab6ba1ae178c9e575115cf853de0de,6553600,100000,65.536,26214400,c1654b7c012d82cf8a845937af87db623fadcf0e6ad8ab45d4219d644d261bef,RP2040/run_05/capture.csv,599e8f8f3d9d45cc0b7a9369d94bff2920fab52697669f767e7f249284cd8f3b,244770612,True,True,structural_protocol_pass
rp2040,RP2040,6,20260911T165522.442262Z_rp2040_006,RPI-PICO-RP2040-01-NOREG,captures_common160/rp2040/20260911T165522.442262Z_rp2040_006,captures_common160/rp2040/20260911T165522.442262Z_rp2040_006/transport.raw4,RP2040/run_06,True,True,selected_regulator_removed_fixture,config/experiment.common160.json,1fc4fe617fd2cf6cc50a2d775eb8b22b8c44603c6dc15a5cf9b26e86971fb3d3,energy-profiling-v5-common160,160000000,7f0c61102d09e1cd75a1b94c2740926490ab6ba1ae178c9e575115cf853de0de,6553600,100000,65.536,26214400,8b297c8e9a35d4975e96f27346d5733bfb4cf8898d054f5a39575158e2c53dfc,RP2040/run_06/capture.csv,63566a9142752c56468b2e4b2be6b4d0af2452697e2ada9e94cb7d1d794f7661,244812237,True,True,structural_protocol_pass
rp2040,RP2040,7,20260911T165724.037134Z_rp2040_007,RPI-PICO-RP2040-01-NOREG,captures_common160/rp2040/20260911T165724.037134Z_rp2040_007,captures_common160/rp2040/20260911T165724.037134Z_rp2040_007/transport.raw4,RP2040/run_07,True,True,selected_regulator_removed_fixture,config/experiment.common160.json,1fc4fe617fd2cf6cc50a2d775eb8b22b8c44603c6dc15a5cf9b26e86971fb3d3,energy-profiling-v5-common160,160000000,7f0c61102d09e1cd75a1b94c2740926490ab6ba1ae178c9e575115cf853de0de,6553600,100000,65.536,26214400,7d0ff302040cedc579a80498bb233549aaa0020342d53a31a5d19db1464d2560,RP2040/run_07/capture.csv,59311554ed21f02c475ecbba899e145dde0d56a7cd6bca04c1711d209ac9b31d,244803149,True,True,structural_protocol_pass
rp2040,RP2040,8,20260911T165925.347866Z_rp2040_008,RPI-PICO-RP2040-01-NOREG,captures_common160/rp2040/20260911T165925.347866Z_rp2040_008,captures_common160/rp2040/20260911T165925.347866Z_rp2040_008/transport.raw4,RP2040/run_08,True,True,selected_regulator_removed_fixture,config/experiment.common160.json,1fc4fe617fd2cf6cc50a2d775eb8b22b8c44603c6dc15a5cf9b26e86971fb3d3,energy-profiling-v5-common160,160000000,7f0c61102d09e1cd75a1b94c2740926490ab6ba1ae178c9e575115cf853de0de,6553600,100000,65.536,26214400,44930d42aa3369c50c3f243784a97cd1865556bfb4fc85c76ee50e871c387a67,RP2040/run_08/capture.csv,5f2fde39d0e0262831218d77bbad85512b0d8c4e2dcc1983c2c9d9bb9702618b,244859392,True,True,structural_protocol_pass
rp2040,RP2040,9,20260911T170126.617348Z_rp2040_009,RPI-PICO-RP2040-01-NOREG,captures_common160/rp2040/20260911T170126.617348Z_rp2040_009,captures_common160/rp2040/20260911T170126.617348Z_rp2040_009/transport.raw4,RP2040/run_09,True,True,selected_regulator_removed_fixture,config/experiment.common160.json,1fc4fe617fd2cf6cc50a2d775eb8b22b8c44603c6dc15a5cf9b26e86971fb3d3,energy-profiling-v5-common160,160000000,7f0c61102d09e1cd75a1b94c2740926490ab6ba1ae178c9e575115cf853de0de,6553600,100000,65.536,26214400,7a76d841263c1ba2613650a6f4ddd8288b979ec833fd8c4977b651b79617059c,RP2040/run_09/capture.csv,9d5df5f2e9c0b5b64499e650b295b9a1628aaff918bd1858ae9fadda9217e530,244870440,True,True,structural_protocol_pass
rp2040,RP2040,10,20260911T170327.385313Z_rp2040_010,RPI-PICO-RP2040-01-NOREG,captures_common160/rp2040/20260911T170327.385313Z_rp2040_010,captures_common160/rp2040/20260911T170327.385313Z_rp2040_010/transport.raw4,RP2040/run_10,True,True,selected_regulator_removed_fixture,config/experiment.common160.json,1fc4fe617fd2cf6cc50a2d775eb8b22b8c44603c6dc15a5cf9b26e86971fb3d3,energy-profiling-v5-common160,160000000,7f0c61102d09e1cd75a1b94c2740926490ab6ba1ae178c9e575115cf853de0de,6553600,100000,65.536,26214400,89f3d7e7ac9d7a1531599d4b2d2d081064702b48b6c09272df7eb47266b0842c,RP2040/run_10/capture.csv,9d621c835832f23fb1f7400d39a9d5a8033bf85621b359751208f9c91b99a7ea,244846941,True,True,structural_protocol_pass
stm32,STM32F446,1,20260911T170903.534617Z_stm32_001,NUCLEO-F446RE-01,captures_common160/stm32/20260911T170903.534617Z_stm32_001,captures_common160/stm32/20260911T170903.534617Z_stm32_001/transport.raw4,STM32F446/run_01,True,False,operator_confirmation_2026-09-11_JP6_open_LDO_fitted,config/experiment.common160.json,1fc4fe617fd2cf6cc50a2d775eb8b22b8c44603c6dc15a5cf9b26e86971fb3d3,energy-profiling-v5-common160,160000000,ef7dbca813c2ba2d4b6ebd10dcff71f2fd167f4919cdc6b973e38286351fc6da,3999232,100000,39.99232,15996928,df4e0fa666187757b735883b3d19b49f7105e870672474cdda280e5a55a2671d,STM32F446/run_01/capture.csv,5a9720b1772ace844fed940acc0c0b8e103cca21c678a23f680ce48778015e34,147222526,True,True,structural_protocol_pass
stm32,STM32F446,2,20260911T171021.581361Z_stm32_002,NUCLEO-F446RE-01,captures_common160/stm32/20260911T171021.581361Z_stm32_002,captures_common160/stm32/20260911T171021.581361Z_stm32_002/transport.raw4,STM32F446/run_02,True,False,operator_confirmation_2026-09-11_JP6_open_LDO_fitted,config/experiment.common160.json,1fc4fe617fd2cf6cc50a2d775eb8b22b8c44603c6dc15a5cf9b26e86971fb3d3,energy-profiling-v5-common160,160000000,ef7dbca813c2ba2d4b6ebd10dcff71f2fd167f4919cdc6b973e38286351fc6da,3982848,100000,39.82848,15931392,46846b7e0ac0d99740344ed6e490930315bb3a704218fc2ae5fd58491e5e2902,STM32F446/run_02/capture.csv,bc134feaca74dc3b4da59fb763851b2467bf88b1c92035830886ff5f968c847e,146585853,True,True,structural_protocol_pass
stm32,STM32F446,3,20260911T171138.905379Z_stm32_003,NUCLEO-F446RE-01,captures_common160/stm32/20260911T171138.905379Z_stm32_003,captures_common160/stm32/20260911T171138.905379Z_stm32_003/transport.raw4,STM32F446/run_03,True,False,operator_confirmation_2026-09-11_JP6_open_LDO_fitted,config/experiment.common160.json,1fc4fe617fd2cf6cc50a2d775eb8b22b8c44603c6dc15a5cf9b26e86971fb3d3,energy-profiling-v5-common160,160000000,ef7dbca813c2ba2d4b6ebd10dcff71f2fd167f4919cdc6b973e38286351fc6da,3982848,100000,39.82848,15931392,be03a8525a1820e5c00275ca874491a21158c9817b61fa26429292ff9ca4b145,STM32F446/run_03/capture.csv,fc024f456f7e718464561a88ddc739cbbe052299c2bc1f593e610cea87fdae55,146595227,True,True,structural_protocol_pass
stm32,STM32F446,4,20260911T171256.453112Z_stm32_004,NUCLEO-F446RE-01,captures_common160/stm32/20260911T171256.453112Z_stm32_004,captures_common160/stm32/20260911T171256.453112Z_stm32_004/transport.raw4,STM32F446/run_04,True,False,operator_confirmation_2026-09-11_JP6_open_LDO_fitted,config/experiment.common160.json,1fc4fe617fd2cf6cc50a2d775eb8b22b8c44603c6dc15a5cf9b26e86971fb3d3,energy-profiling-v5-common160,160000000,ef7dbca813c2ba2d4b6ebd10dcff71f2fd167f4919cdc6b973e38286351fc6da,3982848,100000,39.82848,15931392,5c28d4fc9b776d08bca18cec85ad7482bd72f2c16a432d72117471ba409dab84,STM32F446/run_04/capture.csv,4ebe7292073afd4cba6155046d670d660f48c8eb12877e5592d89f0bc3895e31,146588681,True,True,structural_protocol_pass
stm32,STM32F446,5,20260911T171414.121107Z_stm32_005,NUCLEO-F446RE-01,captures_common160/stm32/20260911T171414.121107Z_stm32_005,captures_common160/stm32/20260911T171414.121107Z_stm32_005/transport.raw4,STM32F446/run_05,True,False,operator_confirmation_2026-09-11_JP6_open_LDO_fitted,config/experiment.common160.json,1fc4fe617fd2cf6cc50a2d775eb8b22b8c44603c6dc15a5cf9b26e86971fb3d3,energy-profiling-v5-common160,160000000,ef7dbca813c2ba2d4b6ebd10dcff71f2fd167f4919cdc6b973e38286351fc6da,3981824,100000,39.81824,15927296,c48623dd28292afadadf8b89f9bb2783313e55e72aca460d1cf6b0818e36884d,STM32F446/run_05/capture.csv,2b8fbdab9c97ff87595a765f66a6f8063d4b8876c9568e72320bc9a7705c25c6,146537291,True,True,structural_protocol_pass
stm32,STM32F446,6,20260911T171531.523502Z_stm32_006,NUCLEO-F446RE-01,captures_common160/stm32/20260911T171531.523502Z_stm32_006,captures_common160/stm32/20260911T171531.523502Z_stm32_006/transport.raw4,STM32F446/run_06,True,False,operator_confirmation_2026-09-11_JP6_open_LDO_fitted,config/experiment.common160.json,1fc4fe617fd2cf6cc50a2d775eb8b22b8c44603c6dc15a5cf9b26e86971fb3d3,energy-profiling-v5-common160,160000000,ef7dbca813c2ba2d4b6ebd10dcff71f2fd167f4919cdc6b973e38286351fc6da,3982848,100000,39.82848,15931392,00057c0968fb3b16dd4703a5a91e80922da229e233bb2424db2300079b6e5e24,STM32F446/run_06/capture.csv,b7384e5c9f5eaec7284eded23132ed0e9640f753a59e7936cb165161b7a91aac,146580216,True,True,structural_protocol_pass
stm32,STM32F446,7,20260911T171648.667550Z_stm32_007,NUCLEO-F446RE-01,captures_common160/stm32/20260911T171648.667550Z_stm32_007,captures_common160/stm32/20260911T171648.667550Z_stm32_007/transport.raw4,STM32F446/run_07,True,False,operator_confirmation_2026-09-11_JP6_open_LDO_fitted,config/experiment.common160.json,1fc4fe617fd2cf6cc50a2d775eb8b22b8c44603c6dc15a5cf9b26e86971fb3d3,energy-profiling-v5-common160,160000000,ef7dbca813c2ba2d4b6ebd10dcff71f2fd167f4919cdc6b973e38286351fc6da,3983872,100000,39.83872,15935488,f6459a50851ec4d58cf6584055c9692db1dea6e3b3236c663ffce68e70abbb0a,STM32F446/run_07/capture.csv,99086c72fec7d5c44afcdea9618b3980ec4e1d05f77d36eb9abc4d7bf8d74ba1,146625210,True,True,structural_protocol_pass
stm32,STM32F446,8,20260911T171806.140776Z_stm32_008,NUCLEO-F446RE-01,captures_common160/stm32/20260911T171806.140776Z_stm32_008,captures_common160/stm32/20260911T171806.140776Z_stm32_008/transport.raw4,STM32F446/run_08,True,False,operator_confirmation_2026-09-11_JP6_open_LDO_fitted,config/experiment.common160.json,1fc4fe617fd2cf6cc50a2d775eb8b22b8c44603c6dc15a5cf9b26e86971fb3d3,energy-profiling-v5-common160,160000000,ef7dbca813c2ba2d4b6ebd10dcff71f2fd167f4919cdc6b973e38286351fc6da,3981312,100000,39.81312,15925248,333e6bc28cd8210de0deea3b64a9110ea2600295e5f2f400329230c843963787,STM32F446/run_08/capture.csv,e35bc06a390e22bf4e58ed0693bffd022d2c9a6e4229c0040eb8e36697f6b72a,146519651,True,True,structural_protocol_pass
stm32,STM32F446,9,20260911T171923.759401Z_stm32_009,NUCLEO-F446RE-01,captures_common160/stm32/20260911T171923.759401Z_stm32_009,captures_common160/stm32/20260911T171923.759401Z_stm32_009/transport.raw4,STM32F446/run_09,True,False,operator_confirmation_2026-09-11_JP6_open_LDO_fitted,config/experiment.common160.json,1fc4fe617fd2cf6cc50a2d775eb8b22b8c44603c6dc15a5cf9b26e86971fb3d3,energy-profiling-v5-common160,160000000,ef7dbca813c2ba2d4b6ebd10dcff71f2fd167f4919cdc6b973e38286351fc6da,3983872,100000,39.83872,15935488,8ce8a27b3d1e2cf2af735c836a38157ca6a744df6a439232e3966d09feb30a5d,STM32F446/run_09/capture.csv,aae95d9d00f8d9682c1090308cf826ba502296feef91b6221e95e2ceb3edbfb2,146638921,True,True,structural_protocol_pass
stm32,STM32F446,10,20260911T172041.463636Z_stm32_010,NUCLEO-F446RE-01,captures_common160/stm32/20260911T172041.463636Z_stm32_010,captures_common160/stm32/20260911T172041.463636Z_stm32_010/transport.raw4,STM32F446/run_10,True,False,operator_confirmation_2026-09-11_JP6_open_LDO_fitted,config/experiment.common160.json,1fc4fe617fd2cf6cc50a2d775eb8b22b8c44603c6dc15a5cf9b26e86971fb3d3,energy-profiling-v5-common160,160000000,ef7dbca813c2ba2d4b6ebd10dcff71f2fd167f4919cdc6b973e38286351fc6da,3981824,100000,39.81824,15927296,f32f0cb433c40313775385a560ecf47ac97c9c3e22cdedc8c5e03649882c60ac,STM32F446/run_10/capture.csv,028e4a167b5a89b75e15b5949d57df583f3aa9450e561e75c5d245e4c44ee9c2,146532593,True,True,structural_protocol_pass
